filename,column_name,data_type,row_count,min,max,mean,nan_count
pipeline_status_flags.csv,layer,object,3,,,,0
pipeline_status_flags.csv,status,object,3,,,,0
biology_ready_dose_forcing_table.csv,scenario,object,50,,,,0
biology_ready_dose_forcing_table.csv,shield_mm_Al,float64,50,0.05,20.0,5.678,0
biology_ready_dose_forcing_table.csv,mission_days,float64,50,180.0,180.0,180.0,0
biology_ready_dose_forcing_table.csv,total_dose_Gy,float64,50,0.20255,1200900.0,50663.4096086,0
biology_ready_dose_forcing_table.csv,total_dose_rate_Gy_day,float64,50,0.0011252777777777,6671.666666666667,281.4633867144444,0
biology_ready_dose_forcing_table.csv,total_dose_rate_mGy_day,float64,50,1.1252777777777778,6671666.666666667,281463.38671444444,0
biology_ready_dose_forcing_table.csv,electron_dose_rate_mGy_day,float64,50,0.0,4319055.555555556,215683.55641499537,0
biology_ready_dose_forcing_table.csv,brems_dose_rate_mGy_day,float64,50,0.0095855555555555,10806.111111111111,525.9875485666668,0
biology_ready_dose_forcing_table.csv,trapped_proton_dose_rate_mGy_day,float64,50,1.1157222222222216,2342000.0,65256.81546777777,0
biology_ready_dose_forcing_table.csv,ros_forcing_index_log01,float64,50,0.0479783784926217,1.0,0.39769604019856303,0
biology_ready_dose_forcing_table.csv,forcing_regime_label,object,50,,,,0
biology_ready_dose_forcing_table.csv,recommended_use,object,50,,,,0
biology_calibrated_endpoint_predictions.csv,scenario,object,50,,,,0
biology_calibrated_endpoint_predictions.csv,shield_mm_Al,float64,50,0.05,20.0,5.678,0
biology_calibrated_endpoint_predictions.csv,mission_days,int64,50,180.0,180.0,180.0,0
biology_calibrated_endpoint_predictions.csv,total_dose_Gy,float64,50,0.20255,1200900.0,50663.4096086,0
biology_calibrated_endpoint_predictions.csv,dose_rate_mGy_day,float64,50,1.1252777777777778,6671666.666666667,281463.38671444444,0
biology_calibrated_endpoint_predictions.csv,ros_norm_day_end,float64,50,0.6406205187539654,13.352275314024656,5.310147020028628,0
biology_calibrated_endpoint_predictions.csv,mito_integrity_day_end,float64,50,0.001829608347293,0.8640257430373188,0.1999823998713319,0
biology_calibrated_endpoint_predictions.csv,atp_proxy_day_end,float64,50,0.0004326964245875,0.8356195060226138,0.18301430853414227,0
biology_calibrated_endpoint_predictions.csv,fast_excitability_delta_day_end,float64,50,0.0211089282150739,0.0437817052297249,0.03679413452175047,0
biology_calibrated_endpoint_predictions.csv,slow_mito_atp_suppression_day_end,float64,50,0.2447855027672241,1.4884952529041944,1.2166057443933116,0
biology_calibrated_endpoint_predictions.csv,excitability_ratio_day_end,float64,50,0.0,0.7763234254478499,0.14769667302965694,0
biology_calibrated_endpoint_predictions.csv,ltp_proxy_day_end,float64,50,0.0,0.7179577549215074,0.1293007148507565,0
biology_calibrated_endpoint_predictions.csv,structural_neural_integrity_proxy_day_end,float64,50,0.0,0.8504283173410507,0.18353215526319422,0
biology_calibrated_endpoint_predictions.csv,dose_rate_to_primary_validation_ratio,float64,50,1.1252777777777778,6671666.666666667,281463.38671444444,0
biology_calibrated_endpoint_predictions.csv,calibration_domain_flag,object,50,,,,0
biology_calibrated_endpoint_predictions.csv,model_status,object,50,,,,0
biology_calibrated_daily_timecourses_all_scenarios.csv,day,float64,9050,0.0,180.0,90.0,0
biology_calibrated_daily_timecourses_all_scenarios.csv,dose_rate_mGy_day,float64,9050,1.1252777777777778,6671666.666666667,281463.3867144444,0
biology_calibrated_daily_timecourses_all_scenarios.csv,ros_norm,float64,9050,0.0,13.352275314024656,5.253586546278262,0
biology_calibrated_daily_timecourses_all_scenarios.csv,mito_integrity,float64,9050,0.0,1.0,0.2551297591893905,0
biology_calibrated_daily_timecourses_all_scenarios.csv,atp_proxy,float64,9050,0.0,1.0,0.2399818502040565,0
biology_calibrated_daily_timecourses_all_scenarios.csv,fast_excitability_delta,float64,9050,0.0,0.0437817052297249,0.036546444099414765,0
biology_calibrated_daily_timecourses_all_scenarios.csv,slow_mito_atp_suppression,float64,9050,0.0,1.4891395982840836,1.131773122275744,0
biology_calibrated_daily_timecourses_all_scenarios.csv,excitability_ratio,float64,9050,0.0,1.0162131885289645,0.2092480996760647,0
biology_calibrated_daily_timecourses_all_scenarios.csv,ltp_proxy,float64,9050,0.0,1.0,0.18867439401461425,0
biology_calibrated_daily_timecourses_all_scenarios.csv,structural_neural_integrity_proxy,float64,9050,0.0,1.0,0.24039163995258123,0
biology_calibrated_daily_timecourses_all_scenarios.csv,scenario,object,9050,,,,0
biology_calibrated_daily_timecourses_all_scenarios.csv,shield_mm_Al,float64,9050,0.05,20.0,5.678,0
neural_endpoint_simulation_summary.csv,scenario,object,10,,,,0
neural_endpoint_simulation_summary.csv,shield_mm_Al,float64,10,1.0,20.0,7.6,0
neural_endpoint_simulation_summary.csv,day,float64,10,180.0,180.0,180.0,0
neural_endpoint_simulation_summary.csv,dose_rate_mGy_day,float64,10,1.1252777777777778,140016.6666666667,18137.537505555556,0
neural_endpoint_simulation_summary.csv,ros_norm,float64,10,0.6406205187539654,10.069004956031788,4.311605443134491,0
neural_endpoint_simulation_summary.csv,mito_integrity,float64,10,0.001829608347293,0.8640257430373188,0.2458283422714635,0
neural_endpoint_simulation_summary.csv,atp_proxy,float64,10,0.0004326964245875,0.8356195060226138,0.2250155637070625,0
neural_endpoint_simulation_summary.csv,fast_excitability_delta,float64,10,0.0211089282150739,0.0430223387973852,0.03539266691571674,0
neural_endpoint_simulation_summary.csv,slow_mito_atp_suppression,float64,10,0.2447855027672241,1.0,0.82362593364411,0
neural_endpoint_simulation_summary.csv,tau_eff_ms,float64,10,8.00207748218949,16.044015267436976,9.946785630969257,0
neural_endpoint_simulation_summary.csv,v_threshold_eff_mV,float64,10,-48.8493365421583,-43.00302887497212,-44.57510894594944,0
neural_endpoint_simulation_summary.csv,drive_eff_mV,float64,10,2.100469428047643,18.841810227618293,6.597456344756679,0
neural_endpoint_simulation_summary.csv,mean_firing_rate_hz,float64,10,0.0,29.11875,5.4262500000000005,0
neural_endpoint_simulation_summary.csv,total_spikes,int64,10,0.0,4659.0,868.2,0
neural_endpoint_simulation_summary.csv,synchrony_proxy_cv_10ms_bins,float64,10,0.0,2.2982509819875503,0.2726235859786504,0
neural_endpoint_simulation_summary.csv,isi_cv_mean,float64,10,0.2280892301268465,0.2804324675059338,0.25426084881639016,8
neural_endpoint_simulation_summary.csv,calibration_domain_flag,object,10,,,,0
neural_endpoint_simulation_summary.csv,model_status,object,10,,,,0
neural_timecourse_10mm_summary.csv,scenario,object,26,,,,0
neural_timecourse_10mm_summary.csv,shield_mm_Al,float64,26,10.0,10.0,10.0,0
neural_timecourse_10mm_summary.csv,day,float64,26,0.0,180.0,90.0,0
neural_timecourse_10mm_summary.csv,dose_rate_mGy_day,float64,26,1.5521111111111112,187.68888888888887,94.62049999999999,0
neural_timecourse_10mm_summary.csv,ros_norm,float64,26,0.0,4.452718019613302,2.4225456476155576,0
neural_timecourse_10mm_summary.csv,mito_integrity,float64,26,0.0109739837938597,1.0,0.4967015178883724,0
neural_timecourse_10mm_summary.csv,atp_proxy,float64,26,0.0039096793231979,1.0,0.4819472997160429,0
neural_timecourse_10mm_summary.csv,fast_excitability_delta,float64,26,0.0,0.0395074584745377,0.029135075278647084,0
neural_timecourse_10mm_summary.csv,slow_mito_atp_suppression,float64,26,0.0,1.0,0.5506887006667147,0
neural_timecourse_10mm_summary.csv,tau_eff_ms,float64,26,8.018810586768637,20.0,13.021243951832377,0
neural_timecourse_10mm_summary.csv,v_threshold_eff_mV,float64,26,-50.0,-43.02736775526238,-46.3736310980123,0
neural_timecourse_10mm_summary.csv,drive_eff_mV,float64,26,2.155191577297828,22.0,11.747693948481885,0
neural_timecourse_10mm_summary.csv,mean_firing_rate_hz,float64,26,0.0,35.93333333333333,16.842307692307692,0
neural_timecourse_10mm_summary.csv,total_spikes,int64,26,0.0,2156.0,1010.5384615384615,0
neural_timecourse_10mm_summary.csv,synchrony_proxy_cv_10ms_bins,float64,26,0.0,0.2690770789697832,0.12870700551614828,0
neural_timecourse_10mm_summary.csv,isi_cv_mean,float64,26,0.1818093382306037,0.2575887425208705,0.21594367188985306,12
neural_timecourse_10mm_summary.csv,calibration_domain_flag,object,26,,,,0
neural_timecourse_10mm_summary.csv,model_status,object,26,,,,0
scenario_interpretation_flags.csv,scenario,object,50,,,,0
scenario_interpretation_flags.csv,shield_mm_Al,float64,50,0.05,20.0,5.678,0
scenario_interpretation_flags.csv,dose_rate_mGy_day,float64,50,1.1252777777777778,6671666.666666667,281463.38671444444,0
scenario_interpretation_flags.csv,calibration_domain_flag,object,50,,,,0
scenario_interpretation_flags.csv,interpretation_class,object,50,,,,0
scenario_interpretation_flags.csv,recommended_user_message,object,50,,,,0
