original_zip_path,normalized_path,size_bytes,detected_type
Radiation modelling\00_project_notes\folder_structure.txt,00_project_notes/folder_structure.txt,1777,text
Radiation modelling\00_project_notes\folder_structure_final.txt,00_project_notes/folder_structure_final.txt,2363,text
Radiation modelling\00_project_notes\README_DATASET.txt,00_project_notes/README_DATASET.txt,922,text
Radiation modelling\01_leo_orbit\01_orbit_report.txt,01_leo_orbit/01_orbit_report.txt,222899,pdf_saved_as_txt
Radiation modelling\01_leo_orbit\02_spacecraft_coordinates.txt,01_leo_orbit/02_spacecraft_coordinates.txt,154766,pdf_saved_as_txt
Radiation modelling\01_leo_orbit\03_attitude_vectors.txt,01_leo_orbit/03_attitude_vectors.txt,134244,pdf_saved_as_txt
Radiation modelling\02_leo_trapped_radiation\04_trapped_radiation_report.txt,02_leo_trapped_radiation/04_trapped_radiation_report.txt,536064,pdf_saved_as_txt
Radiation modelling\02_leo_trapped_radiation\05_avg_proton_electron_fluxes.txt,02_leo_trapped_radiation/05_avg_proton_electron_fluxes.txt,54430,pdf_saved_as_txt
Radiation modelling\02_leo_trapped_radiation\06_trapped_proton_spectra_orbit.txt,02_leo_trapped_radiation/06_trapped_proton_spectra_orbit.txt,70193,pdf_saved_as_txt
Radiation modelling\02_leo_trapped_radiation\07_trapped_electron_spectra_orbit.txt,02_leo_trapped_radiation/07_trapped_electron_spectra_orbit.txt,78031,pdf_saved_as_txt
Radiation modelling\02_leo_trapped_radiation\08_proton_peak_fluxes.txt,02_leo_trapped_radiation/08_proton_peak_fluxes.txt,192794,pdf_saved_as_txt
Radiation modelling\02_leo_trapped_radiation\09_electron_peak_fluxes.txt,02_leo_trapped_radiation/09_electron_peak_fluxes.txt,203107,pdf_saved_as_txt
Radiation modelling\03_leo_gcr\10_gcr_report_iso15390_solarmin_H_to_U.txt,03_leo_gcr/10_gcr_report_iso15390_solarmin_H_to_U.txt,329492,pdf_saved_as_txt
Radiation modelling\03_leo_gcr\11_gcr_proton_ion_fluxes_iso15390_solarmin_H_to_U.txt,03_leo_gcr/11_gcr_proton_ion_fluxes_iso15390_solarmin_H_to_U.txt,64668,pdf_saved_as_txt
Radiation modelling\04_leo_ionizing_dose_tissue\12_ionizing_dose_report_shieldose2_tissue.txt,04_leo_ionizing_dose_tissue/12_ionizing_dose_report_shieldose2_tissue.txt,186422,pdf_saved_as_txt
Radiation modelling\04_leo_ionizing_dose_tissue\13_total_mission_doses_shieldose2_tissue.txt,04_leo_ionizing_dose_tissue/13_total_mission_doses_shieldose2_tissue.txt,46614,pdf_saved_as_txt
Radiation modelling\05_leo_effective_dose_trapped\14_effective_dose_report_trapped_10k.txt,05_leo_effective_dose_trapped/14_effective_dose_report_trapped_10k.txt,86872,pdf_saved_as_txt
Radiation modelling\05_leo_effective_dose_trapped\15_effective_dose_output_trapped_10k.txt,05_leo_effective_dose_trapped/15_effective_dose_output_trapped_10k.txt,44712,pdf_saved_as_txt
Radiation modelling\05_leo_effective_dose_trapped\16_mulassis_multilayer_output_trapped_10k.txt,05_leo_effective_dose_trapped/16_mulassis_multilayer_output_trapped_10k.txt,86661,pdf_saved_as_txt
Radiation modelling\05_leo_effective_dose_trapped\17_mulassis_macro_trapped_10k.mac,05_leo_effective_dose_trapped/17_mulassis_macro_trapped_10k.mac,49867,pdf_saved_as_txt
Radiation modelling\05_leo_effective_dose_trapped\18_effective_dose_report_trapped_100k.txt,05_leo_effective_dose_trapped/18_effective_dose_report_trapped_100k.txt,86562,pdf_saved_as_txt
Radiation modelling\05_leo_effective_dose_trapped\19_effective_dose_output_trapped_100k.txt,05_leo_effective_dose_trapped/19_effective_dose_output_trapped_100k.txt,43971,pdf_saved_as_txt
Radiation modelling\05_leo_effective_dose_trapped\20_mulassis_multilayer_output_trapped_100k.txt,05_leo_effective_dose_trapped/20_mulassis_multilayer_output_trapped_100k.txt,87469,pdf_saved_as_txt
Radiation modelling\05_leo_effective_dose_trapped\21_mulassis_macro_trapped_100k.mac,05_leo_effective_dose_trapped/21_mulassis_macro_trapped_100k.mac,49432,pdf_saved_as_txt
Radiation modelling\06_vab_orbit\22_vab_orbit_report.txt,06_vab_orbit/22_vab_orbit_report.txt,140422,pdf_saved_as_txt
Radiation modelling\06_vab_orbit\23_vab_spacecraft_coordinates.txt,06_vab_orbit/23_vab_spacecraft_coordinates.txt,102268,pdf_saved_as_txt
Radiation modelling\06_vab_orbit\24_vab_attitude_vectors.txt,06_vab_orbit/24_vab_attitude_vectors.txt,165125,pdf_saved_as_txt
Radiation modelling\07_vab_trapped_radiation\25_vab_trapped_radiation_report.txt,07_vab_trapped_radiation/25_vab_trapped_radiation_report.txt,536646,pdf_saved_as_txt
Radiation modelling\07_vab_trapped_radiation\26_vab_avg_proton_electron_fluxes.txt,07_vab_trapped_radiation/26_vab_avg_proton_electron_fluxes.txt,54942,pdf_saved_as_txt
Radiation modelling\07_vab_trapped_radiation\27_vab_trapped_proton_spectra_orbit.txt,07_vab_trapped_radiation/27_vab_trapped_proton_spectra_orbit.txt,257792,pdf_saved_as_txt
Radiation modelling\07_vab_trapped_radiation\28_vab_trapped_electron_spectra_orbit.txt,07_vab_trapped_radiation/28_vab_trapped_electron_spectra_orbit.txt,290144,pdf_saved_as_txt
Radiation modelling\07_vab_trapped_radiation\29_vab_proton_peak_fluxes.txt,07_vab_trapped_radiation/29_vab_proton_peak_fluxes.txt,193001,pdf_saved_as_txt
Radiation modelling\07_vab_trapped_radiation\30_vab_electron_peak_fluxes.txt,07_vab_trapped_radiation/30_vab_electron_peak_fluxes.txt,203190,pdf_saved_as_txt
Radiation modelling\08_vab_gcr\31_vab_gcr_report_iso15390_solarmin_H_to_U.txt,08_vab_gcr/31_vab_gcr_report_iso15390_solarmin_H_to_U.txt,329521,pdf_saved_as_txt
Radiation modelling\08_vab_gcr\32_vab_gcr_proton_ion_fluxes_iso15390_solarmin_H_to_U.txt,08_vab_gcr/32_vab_gcr_proton_ion_fluxes_iso15390_solarmin_H_to_U.txt,158158,pdf_saved_as_txt
Radiation modelling\09_vab_ionizing_dose_tissue\33_vab_ionizing_dose_report_shieldose2_tissue.txt,09_vab_ionizing_dose_tissue/33_vab_ionizing_dose_report_shieldose2_tissue.txt,186452,pdf_saved_as_txt
Radiation modelling\09_vab_ionizing_dose_tissue\34_vab_total_mission_doses_shieldose2_tissue.txt,09_vab_ionizing_dose_tissue/34_vab_total_mission_doses_shieldose2_tissue.txt,46636,pdf_saved_as_txt
Radiation modelling\10_vab_effective_dose_trapped\35_vab_effective_dose_report_trapped_10k.txt,10_vab_effective_dose_trapped/35_vab_effective_dose_report_trapped_10k.txt,86739,pdf_saved_as_txt
Radiation modelling\10_vab_effective_dose_trapped\36_vab_effective_dose_output_trapped_10k.txt,10_vab_effective_dose_trapped/36_vab_effective_dose_output_trapped_10k.txt,44291,pdf_saved_as_txt
Radiation modelling\10_vab_effective_dose_trapped\37_vab_mulassis_multilayer_output_trapped_10k.txt,10_vab_effective_dose_trapped/37_vab_mulassis_multilayer_output_trapped_10k.txt,86079,pdf_saved_as_txt
Radiation modelling\10_vab_effective_dose_trapped\38_vab_mulassis_macro_trapped_10k.mac,10_vab_effective_dose_trapped/38_vab_mulassis_macro_trapped_10k.mac,49521,pdf_saved_as_txt
