scenario,shield_mm_Al,mission_days,total_dose_Gy,total_dose_rate_Gy_day,total_dose_rate_mGy_day,electron_dose_rate_mGy_day,brems_dose_rate_mGy_day,trapped_proton_dose_rate_mGy_day,ros_forcing_index_log01,forcing_regime_label,recommended_use
LEO_ISS_like,0.05,180.0,893.82,4.965666666666667,4965.666666666667,4855.833333333334,11.590000000000002,98.24444444444444,0.5416087423790407,extreme_model_forcing,baseline LEO comparison case
LEO_ISS_like,0.1,180.0,455.47,2.530388888888889,2530.388888888889,2478.777777777778,4.859277777777778,46.71277777777778,0.4987165838125353,extreme_model_forcing,baseline LEO comparison case
LEO_ISS_like,0.2,180.0,180.48,1.0026666666666666,1002.6666666666666,979.6111111111111,2.0633888888888885,20.98611111111111,0.43984267285344997,extreme_model_forcing,baseline LEO comparison case
LEO_ISS_like,0.3,180.0,91.288,0.5071555555555556,507.15555555555557,492.9000000000001,1.1820555555555554,13.074444444444445,0.39652751026239047,extreme_model_forcing,baseline LEO comparison case
LEO_ISS_like,0.4,180.0,54.574,0.3031888888888889,303.18888888888887,292.60555555555555,0.787,9.797222222222222,0.3638713442748046,extreme_model_forcing,baseline LEO comparison case
LEO_ISS_like,0.5,180.0,36.339,0.20188333333333333,201.88333333333333,193.32777777777778,0.5521722222222222,8.00388888888889,0.3380960023888954,extreme_model_forcing,baseline LEO comparison case
LEO_ISS_like,0.6,180.0,26.287,0.14603888888888888,146.0388888888889,138.86111111111111,0.40752222222222223,6.768888888888888,0.31760811304248715,extreme_model_forcing,baseline LEO comparison case
LEO_ISS_like,0.8,180.0,16.645,0.09247222222222222,92.47222222222221,87.00555555555556,0.2671111111111111,5.198111111111111,0.28877709218219777,high_model_forcing,baseline LEO comparison case
LEO_ISS_like,1.0,180.0,12.072,0.06706666666666666,67.06666666666666,62.583333333333336,0.20080000000000003,4.280388888888889,0.26859195835029837,high_model_forcing,baseline LEO comparison case
LEO_ISS_like,1.5,180.0,6.819800000000001,0.037887777777777784,37.887777777777785,34.529444444444444,0.12119444444444445,3.236944444444444,0.23296578517258498,high_model_forcing,baseline LEO comparison case
LEO_ISS_like,2.0,180.0,4.4483,0.024712777777777774,24.712777777777774,21.843333333333334,0.08183333333333334,2.7872777777777777,0.2066384172648956,high_model_forcing,baseline LEO comparison case
LEO_ISS_like,2.5,180.0,3.051,0.01695,16.95,14.37611111111111,0.06071666666666667,2.5132222222222222,0.1837663213955797,high_model_forcing,baseline LEO comparison case
LEO_ISS_like,3.0,180.0,2.1379,0.011877222222222223,11.877222222222223,9.50222222222222,0.04724055555555555,2.327944444444445,0.16262955293498274,high_model_forcing,baseline LEO comparison case
LEO_ISS_like,4.0,180.0,1.1423,0.006346111111111111,6.346111111111111,4.217555555555555,0.032264999999999995,2.0965555555555557,0.12690910678881248,moderate_model_forcing,baseline LEO comparison case
LEO_ISS_like,5.0,180.0,0.67828,0.0037682222222222223,3.768222222222222,1.818111111111111,0.02514388888888889,1.9249444444444446,0.09940404259103741,moderate_model_forcing,baseline LEO comparison case
LEO_ISS_like,6.0,180.0,0.46414,0.0025785555555555557,2.578555555555556,0.7426666666666667,0.020570555555555002,1.8153333333333332,0.08113844440174857,moderate_model_forcing,baseline LEO comparison case
LEO_ISS_like,7.0,180.0,0.36566,0.0020314444444444442,2.0314444444444444,0.2924722222222222,0.01775888888888889,1.7212222222222222,0.07057928919269861,moderate_model_forcing,baseline LEO comparison case
LEO_ISS_like,8.0,180.0,0.31919,0.0017732777777777777,1.7732777777777777,0.1094611111111111,0.01601277777777778,1.647833333333333,0.06491473554336118,moderate_model_forcing,baseline LEO comparison case
LEO_ISS_like,9.0,180.0,0.29457,0.0016365,1.6364999999999998,0.03888277777777778,0.014675,1.5829444444444445,0.061695972132830804,moderate_model_forcing,baseline LEO comparison case
LEO_ISS_like,10.0,180.0,0.27938,0.0015521111111111113,1.5521111111111112,0.01298111111111111,0.013701111111111112,1.5254444444444444,0.05962567435063524,moderate_model_forcing,baseline LEO comparison case
LEO_ISS_like,12.0,180.0,0.26205,0.0014558333333333333,1.4558333333333333,0.0011042222222222222,0.012375555555555556,1.4423333333333335,0.05717841250102472,moderate_model_forcing,baseline LEO comparison case
LEO_ISS_like,14.0,180.0,0.24372,0.001354,1.3539999999999999,3.0025555555555554e-05,0.011433888888888334,1.3425,0.054483248442489106,moderate_model_forcing,baseline LEO comparison case
LEO_ISS_like,16.0,180.0,0.22952,0.0012751111111111112,1.275111111111111,2.4996111111111114e-07,0.010705000000000001,1.2643888888888888,0.05231394325887996,moderate_model_forcing,baseline LEO comparison case
LEO_ISS_like,18.0,180.0,0.21507,0.0011948333333333333,1.1948333333333334,1.0322777777777777e-09,0.010110555555555555,1.1847222222222222,0.05002781660643123,moderate_model_forcing,baseline LEO comparison case
LEO_ISS_like,20.0,180.0,0.20255,0.0011252777777777778,1.1252777777777778,0.0,0.009585555555555555,1.1157222222222216,0.04797837849262179,moderate_model_forcing,baseline LEO comparison case
VAB_RBSP_like,0.05,180.0,1200900.0,6671.666666666667,6671666.666666667,4319055.555555556,10806.111111111111,2342000.0,1.0,extreme_model_forcing,baseline LEO comparison case
VAB_RBSP_like,0.1,180.0,566520.0,3147.3333333333335,3147333.3333333335,2584611.111111111,5485.0,557222.2222222222,0.9521863543809593,extreme_model_forcing,baseline LEO comparison case
VAB_RBSP_like,0.2,180.0,267890.0,1488.2777777777778,1488277.7777777778,1337777.7777777778,3043.1111111111113,147416.66666666666,0.9045240715337285,extreme_model_forcing,baseline LEO comparison case
VAB_RBSP_like,0.3,180.0,161160.0,895.3333333333334,895333.3333333334,818111.1111111111,1987.611111111111,75238.88888888889,0.8721835865538554,extreme_model_forcing,baseline LEO comparison case
VAB_RBSP_like,0.4,180.0,108520.0,602.8888888888889,602888.8888888889,553688.8888888889,1428.4444444444443,47776.11111111111,0.847016332888785,extreme_model_forcing,baseline LEO comparison case
VAB_RBSP_like,0.5,180.0,78000.0,433.3333333333333,433333.3333333333,398361.1111111111,1046.9444444444443,33921.11111111111,0.8260008032293508,extreme_model_forcing,baseline LEO comparison case
VAB_RBSP_like,0.6,180.0,58622.0,325.6777777777778,325677.7777777778,299805.55555555556,788.4444444444446,25085.0,0.8078253372485351,extreme_model_forcing,baseline LEO comparison case
VAB_RBSP_like,0.8,180.0,36670.0,203.72222222222223,203722.22222222222,188683.33333333334,517.7944444444445,14526.111111111113,0.7779686660384985,extreme_model_forcing,baseline LEO comparison case
VAB_RBSP_like,1.0,180.0,25203.0,140.01666666666668,140016.6666666667,130522.22222222222,379.60555555555555,9112.777777777777,0.7541040548688909,extreme_model_forcing,baseline LEO comparison case
VAB_RBSP_like,1.5,180.0,12412.0,68.95555555555555,68955.55555555555,65022.22222222222,210.8277777777778,3722.3888888888887,0.7090283353291068,extreme_model_forcing,baseline LEO comparison case
VAB_RBSP_like,2.0,180.0,6965.1,38.695,38695.0,36595.555555555555,132.30555555555554,1967.5000000000002,0.67226091635162,extreme_model_forcing,baseline LEO comparison case
VAB_RBSP_like,2.5,180.0,4110.4,22.835555555555555,22835.555555555555,21480.0,93.36111111111111,1261.9444444444443,0.6386988402202923,extreme_model_forcing,baseline LEO comparison case
VAB_RBSP_like,3.0,180.0,2500.7000000000003,13.892777777777779,13892.77777777778,12927.777777777777,69.95,895.1111111111111,0.6070747431247526,extreme_model_forcing,baseline LEO comparison case
VAB_RBSP_like,4.0,180.0,986.71,5.481722222222222,5481.722222222223,4910.777777777777,45.73166666666667,525.2277777777778,0.5478997381180019,extreme_model_forcing,baseline LEO comparison case
VAB_RBSP_like,5.0,180.0,409.61,2.275611111111111,2275.611111111111,1883.2222222222222,35.425,356.96666666666664,0.4919656406797667,extreme_model_forcing,baseline LEO comparison case
VAB_RBSP_like,6.0,180.0,181.54,1.0085555555555554,1008.5555555555554,703.2222222222222,29.09444444444445,276.22777777777776,0.44021498161300726,extreme_model_forcing,baseline LEO comparison case
VAB_RBSP_like,7.0,180.0,91.053,0.50585,505.85,251.2277777777778,25.625555555555554,229.0,0.3963637956107383,extreme_model_forcing,baseline LEO comparison case
VAB_RBSP_like,8.0,180.0,55.191,0.3066166666666667,306.61666666666673,83.87222222222222,23.759444444444444,198.98333333333332,0.36458446680548146,extreme_model_forcing,baseline LEO comparison case
VAB_RBSP_like,9.0,180.0,40.805,0.22669444444444445,226.69444444444446,26.185000000000002,22.08722222222222,178.42222222222222,0.3454383736665644,extreme_model_forcing,baseline LEO comparison case
VAB_RBSP_like,10.0,180.0,33.784,0.18768888888888888,187.68888888888887,7.558333333333334,20.849444444444444,159.27777777777777,0.3334800934591544,extreme_model_forcing,baseline LEO comparison case
VAB_RBSP_like,12.0,180.0,27.304,0.15168888888888887,151.68888888888887,0.5278555555555555,19.313333333333333,131.85,0.32000768221328235,extreme_model_forcing,baseline LEO comparison case
VAB_RBSP_like,14.0,180.0,23.603,0.1311277777777778,131.1277777777778,0.015058333333333332,17.95888888888889,113.15555555555555,0.3108032351980343,extreme_model_forcing,baseline LEO comparison case
VAB_RBSP_like,16.0,180.0,21.339,0.11854999999999999,118.54999999999998,0.00012582777777777777,16.776666666666667,101.77222222222224,0.3044370191893437,extreme_model_forcing,baseline LEO comparison case
VAB_RBSP_like,18.0,180.0,19.82,0.11011111111111112,110.11111111111111,5.534444444444445e-07,15.83,94.27777777777777,0.2997783149296133,extreme_model_forcing,baseline LEO comparison case
VAB_RBSP_like,20.0,180.0,18.393,0.10218333333333333,102.18333333333334,0.0,15.0,87.18333333333334,0.2950674660600724,extreme_model_forcing,baseline LEO comparison case
